job_title, company_name, job_type,,,
Graphic Designer,Turath Real Estate  - Obour City, Cairo, Egypt 11 hours ago, Egypt 12 hours ago, Egypt 13 hours ago
Graphic Designer,Mazloum Real Estate - Nasr City, Cairo, Egypt 12 hours ago, Egypt 13 hours ago, Egypt 14 hours ago
Motion Graphic Designer,Danat Travels  - Nasr City, Cairo, Egypt 10 hours ago, Egypt 11 hours ago, Egypt 12 hours ago
Graphic Designer,Homes Connection Investment - New Cairo, Cairo, Egypt 2 days ago, Egypt 3 days ago, Egypt 4 days ago
Graphic Designer,Arias Egypt  - Heliopolis, Cairo, Egypt 2 days ago, Egypt 3 days ago, Egypt 4 days ago
Graphic Designer,Premium Group - Smouha, Alexandria, Egypt 2 days ago, Egypt 3 days ago, Egypt 4 days ago
Graphic Designer,dot story  - Cairo, Egypt 19 hours ago,Full Time,Full Time,Full Time
Graphic Designer,X estate  - New Cairo, Cairo, Egypt 3 days ago, Egypt 4 days ago, Egypt 5 days ago
Graphic Designer - Zeta Pharma,Confidential - Nasr City, Cairo, Egypt 15 hours ago, Egypt 16 hours ago, Egypt 17 hours ago
Fashion Designer,Hijab Boutique - New Cairo, Cairo, Egypt 10 hours ago, Egypt 11 hours ago, Egypt 12 hours ago
Senior UI Developer,Confidential - 6th of October, Giza, Egypt 16 hours ago, Egypt 17 hours ago, Egypt 18 hours ago
Senior Graphic Designer,Lasirena Group - Maadi, Cairo, Egypt 12 hours ago, Egypt 13 hours ago, Egypt 14 hours ago
Graphic Designer & Video Editor,NEW GCC GROUP LIMITLESS  - Nasr City, Cairo, Egypt 10 hours ago, Egypt 11 hours ago, Egypt 12 hours ago
Graphic Designer,Samena Group - Heliopolis, Cairo, Egypt 7 hours ago, Egypt 8 hours ago, Egypt 9 hours ago
Sr. Video Editor,Engosoft - Nasr City, Cairo, Egypt 5 days ago, Egypt 6 days ago, Egypt 7 days ago
